{
    "rmse": 0.591243766706229,
    "mae": 0.5095788787012291,
    "r2_score": 0.41480172845055163
}