{
    "rmse": 0.4881007669639566,
    "mae": 0.40992991193856615,
    "r2_score": 0.6011690393487237
}